2.1.0_20,2.1.0
2.1.0_28,2.1.0
2.1.0_29,2.1.0
2.1.0_26,2.1.0
2.1.0_27,2.1.0
2.1.0_25,2.1.0
2.1.0_23,2.1.0
2.1.0_31,2.1.0
2.1.0_32,2.1.0
2.1.0_30,2.1.0
2.1.0_39,1.6.0,2.1.0
2.1.0_37,1.6.0
2.1.0_35,2.1.0
2.1.0_36,2.1.0
2.1.0_33,2.1.0
2.1.0_34,2.1.0
2.1.0_42,1.6.0
2.1.0_43,1.6.0,2.1.0
2.1.0_40,1.6.0
2.1.0_41,1.6.0,2.1.0
2.1.0_48,2.1.0
2.1.0_46,1.6.0,2.1.0
2.1.0_47,2.1.0
2.1.0_44,1.6.0,2.1.0
2.1.0_45,2.1.0
2.1.0_19,2.1.0
2.1.0_10,2.1.0
2.1.0_17,2.1.0
2.1.0_18,2.1.0
2.1.0_15,2.1.0
2.1.0_16,2.1.0
2.1.0_13,2.1.0
2.1.0_14,2.1.0
2.1.0_11,2.1.0
2.1.0_12,2.1.0
2.2.0_37,2.2.0
2.2.0_36,2.2.0
2.2.0_35,2.2.0
2.2.0_34,2.1.0,2.2.0
2.2.0_33,1.6.0
2.2.0_32,2.2.0
2.2.0_31,2.2.0
2.2.0_30,2.2.0
2.2.0_5,2.2.0
2.2.0_6,2.2.0
2.2.0_1,1.6.0,2.2.0
2.2.0_2,1.6.0,2.2.0
2.2.0_7,2.2.0
2.2.0_8,1.6.0,2.2.0
2.2.0_9,2.2.0
2.2.0_15,2.2.0
2.2.0_14,2.2.0
2.2.0_13,2.2.0
2.2.0_12,2.2.0
2.2.0_19,2.2.0
2.2.0_18,2.2.0
2.2.0_17,2.2.0
2.2.0_11,2.2.0
2.2.0_10,2.2.0
2.2.0_26,2.2.0
2.2.0_24,2.2.0
2.2.0_23,2.2.0
2.2.0_29,2.2.0
2.2.0_28,2.2.0
2.2.0_27,2.2.0
2.2.0_22,2.2.0
2.2.0_21,2.2.0
2.2.0_20,2.2.0
1.6.0_19,1.5.0
1.6.0_16,1.6.0,1.5.0
1.6.0_15,1.6.0,1.5.0
1.6.0_18,1.6.0
1.6.0_17,1.6.0
1.6.0_11,1.6.0,1.5.0
1.6.0_14,1.5.0,1.6.0
1.6.0_13,1.5.0,1.6.0
1.6.0_10,1.6.0,1.5.0
2.1.0_9,2.1.0
2.1.0_6,2.1.0
2.1.0_7,2.1.0
2.1.0_4,2.1.0
1.6.0_38,1.6.0
2.1.0_2,2.1.0
1.6.0_39,1.6.0,1.5.0
2.1.0_1,2.1.0
1.6.0_34,1.6.0,1.5.0
1.6.0_33,1.6.0
1.6.0_36,1.6.0
1.6.0_35,1.6.0
1.6.0_30,1.6.0
1.6.0_32,1.6.0
1.6.0_31,1.6.0
1.6.0_27,1.6.0,1.5.0
1.6.0_26,1.6.0,1.5.0
1.6.0_29,1.6.0,1.5.0
1.6.0_28,1.6.0,1.5.0
1.6.0_23,1.6.0,1.5.0
1.6.0_22,1.6.0
1.6.0_25,1.6.0,1.5.0
1.6.0_24,1.6.0,1.5.0
1.6.0_21,1.6.0,1.5.0
1.6.0_20,1.6.0
1.6.0_60,1.5.0,1.6.0
1.6.0_59,1.6.0
1.6.0_56,1.6.0
1.6.0_55,1.6.0
1.6.0_58,1.6.0,1.5.0
1.6.0_57,1.6.0
1.6.0_52,1.6.0
1.6.0_51,1.6.0
1.6.0_54,1.6.0,1.5.0
1.6.0_53,1.6.0
2.0.0_91,1.6.0
2.0.0_90,1.6.0
1.6.0_50,1.6.0
2.0.0_92,1.6.0
1.6.0_49,1.6.0,1.5.0
1.6.0_48,1.6.0
1.6.0_45,1.6.0,1.5.0
1.6.0_44,1.6.0,1.5.0
1.6.0_47,1.5.0
1.6.0_46,1.5.0
1.6.0_41,1.6.0
1.6.0_40,1.6.0,1.5.0
1.6.0_43,1.6.0
1.6.0_42,1.6.0,1.5.0
2.0.0_9,1.6.0
2.0.0_80,1.6.0
2.0.0_82,1.6.0
2.0.0_81,1.6.0
2.0.0_84,1.5.0,1.6.0
2.0.0_83,1.6.0
2.0.0_88,1.6.0
2.0.0_87,1.6.0
2.0.0_89,1.6.0
2.0.0_1,1.6.0
2.0.0_2,1.6.0
2.0.0_3,1.6.0
2.0.0_6,1.6.0
2.0.0_7,1.6.0
2.0.0_8,1.6.0
1.6.0_70,1.6.0
1.6.0_72,1.6.0,1.5.0
1.6.0_71,1.6.0,1.5.0
2.0.0_70,1.5.0
2.0.0_73,1.5.0
2.0.0_72,1.6.0
2.0.0_75,1.5.0,1.6.0
2.0.0_74,1.6.0
2.0.0_77,1.5.0
2.0.0_79,1.6.0
2.0.0_78,1.5.0
1.6.0_67,1.5.0
1.6.0_66,1.6.0
1.6.0_69,1.6.0
1.6.0_68,1.6.0
1.6.0_63,1.5.0,1.6.0
1.6.0_62,1.6.0,1.5.0
1.6.0_65,1.6.0
1.6.0_64,1.6.0
2.0.0_60,1.6.0
2.0.0_61,1.6.0,1.5.0
2.0.0_63,1.6.0
2.0.0_66,1.6.0
2.0.0_65,1.6.0,1.5.0
2.0.0_67,1.6.0
2.0.0_53,1.6.0
2.0.0_52,1.6.0
2.0.0_55,1.6.0,1.5.0
2.0.0_57,1.6.0
2.0.0_56,1.6.0
2.0.0_59,1.6.0
2.0.0_58,1.5.0,1.6.0
2.0.0_40,1.6.0
2.0.0_42,1.6.0,1.5.0
2.0.0_41,1.6.0
2.0.0_44,1.6.0,1.5.0
2.0.0_43,1.6.0
2.0.0_46,1.6.0
2.0.0_45,1.6.0
2.0.0_48,1.6.0
2.0.0_47,1.6.0
2.0.0_49,1.6.0
2.0.0_31,1.6.0
2.0.0_30,1.6.0
2.0.0_33,1.6.0
2.0.0_32,1.6.0
2.0.0_35,1.6.0
2.0.0_34,1.6.0
2.0.0_36,1.6.0
2.0.0_39,1.6.0
2.0.0_38,1.6.0
2.0.0_20,1.6.0
2.0.0_22,1.6.0,1.5.0
2.0.0_24,1.6.0,2.0.0
2.0.0_23,1.6.0
2.0.0_26,1.6.0,1.5.0
2.0.0_25,1.6.0
2.0.0_28,1.6.0
2.0.0_29,1.6.0,2.0.0
1.5.0_5,1.5.0
2.0.0_11,1.6.0
2.0.0_10,1.6.0,1.5.0
2.0.0_13,1.6.0
2.0.0_15,1.6.0
2.0.0_14,1.6.0
2.0.0_17,1.6.0
2.0.0_19,1.6.0
2.0.0_18,1.6.0
1.5.0_3,1.5.0
1.5.0_4,1.5.0
1.6.0_6,1.6.0
1.6.0_4,1.6.0,1.5.0
1.6.0_5,1.6.0
1.6.0_2,1.6.0,1.5.0
1.6.0_3,1.6.0,1.5.0
