2.4.0_1,2.4.0
2.4.0_2,2.4.0
1.3_79,1.3
1.3_77,1.3
1.3_91,1.3
2.3.0_1,2.3.0
2.2.0_37,2.2.0
2.2.0_36,2.2.0
2.2.0_34,2.2.0
2.2.0_39,2.2.0
2.2.0_38,1.4
2.2.0_33,2.2.0
2.2.0_32,2.2.0
2.2.0_31,2.2.0
2.2.0_30,2.2.0
2.2.0_3,1.4,2.2.0
2.2.0_48,2.2.0
2.2.0_4,2.2.0
2.2.0_47,2.2.0
1.3_3,1.3
2.2.0_5,1.4,2.2.0
2.2.0_46,2.2.0
1.3_4,1.2,1.3
2.2.0_6,1.4,2.2.0
2.2.0_45,2.2.0
1.3_6,1.3
1.3_8,1.3
2.2.0_2,1.4
2.2.0_49,2.2.0
2.2.0_40,2.2.0
2.2.0_44,2.2.0
2.2.0_43,2.2.0
2.1_1,2.1
1.3_9,1.3
2.1_8,1.4,2.1
2.1_9,1.4,2.1
2.1_6,2.1
2.1_7,1.4,2.1
2.1_4,1.4,2.1
2.2.0_7,1.4
2.1_5,2.1
2.2.0_8,1.4
2.1_2,2.1
2.2.0_9,2.2.0
2.1_3,1.4,2.1
2.2.0_15,2.2.0
2.2.0_14,2.2.0
2.2.0_13,1.4
2.2.0_12,2.2.0
2.2.0_19,1.4,2.2.0
2.2.0_18,1.4,2.2.0
2.2.0_17,1.4
2.2.0_11,1.4
2.2.0_10,1.4,2.2.0
2.2.0_26,1.4,2.2.0
2.2.0_23,1.4
2.2.0_29,2.2.0
2.2.0_28,2.2.0
2.2.0_27,2.2.0
2.2.0_22,2.2.0
2.2.0_20,2.2.0
1.3_113,1.3
1.3_111,1.3
1.3_118,1.3
1.3_115,1.3
1.3_116,1.3
1.3_110,1.3
1.3_119,1.3
1.3_121,1.3
1.3_105,1.3
2.1_17,2.1
2.1_18,2.1
2.1_11,2.1
2.1_12,1.4
2.1_10,2.1
2.1_15,1.4,2.1
2.1_14,2.1
2.0_1,1.4
2.0_2,1.4
2.0_31,1.4
2.0_30,1.4
2.0_7,1.4
2.0_33,1.4
2.0_8,1.4
2.0_5,1.4
2.0_35,1.4,1.2
2.0_6,1.4
2.0_3,1.4
2.0_37,1.4
2.0_4,1.4
2.0_28,1.4
2.0_27,1.4
2.0_29,1.4
2.0_20,1.4
2.0_22,1.4
2.0_21,1.4
2.0_24,1.4,1.2
2.0_26,1.4
2.0_25,1.4
2.0_17,1.4
2.0_16,1.4
2.0_19,1.4
2.0_18,1.4
2.0_11,1.4
2.0_10,1.4
2.0_13,1.4
2.0_15,1.4
1.3_15,1.3
1.3_11,1.3
1.3_65,1.3
1.3_64,1.3
