1.7.0_3,1.7.0
1.7.0_4,1.7.0
1.7.0_6,1.7.0
1.0.0_4,1.0.0
1.0.0_5,1.0.0
1.0.0_2,1.0.0
1.0.0_3,1.0.0
1.0.0_8,1.0.0
1.0.0_1,0.6
1.8.0_5,1.8.0
1.8.0_4,1.8.0
1.8.0_3,1.8.0
1.8.0_2,1.8.0
1.8.0_9,1.8.0
1.8.0_8,1.8.0
1.8.0_7,1.8.0
1.8.0_1,1.8.0
1.8.0_27,1.8.0
1.8.0_24,1.8.0
1.8.0_23,1.8.0
1.8.0_22,1.8.0
1.8.0_21,1.8.0
1.8.0_20,1.8.0
1.4.0_10,1.4.0
1.8.0_30,1.8.0
1.4.0_14,1.4.0
1.3.0_13,1.3.0
1.3.0_10,1.3.0
0.5_24,0.5
0.5_25,0.5
0.5_22,0.5
0.5_23,0.5
0.5_28,0.5
1.1.0_29,1.1.0
0.5_26,0.5
0.5_27,0.5
0.5_20,0.5
0.5_21,0.5
0.6_1,0.6
1.1.0_20,1.1.0
1.1.0_22,1.1.0
1.1.0_24,1.1.0
1.1.0_23,1.1.0
1.1.0_19,1.1.0
1.1.0_15,1.1.0
1.1.0_14,1.1.0
1.1.0_17,1.1.0
1.1.0_16,1.1.0
1.1.0_10,1.1.0
1.8.0_16,1.8.0
1.8.0_15,1.8.0
1.8.0_13,1.8.0
1.8.0_12,1.8.0
1.8.0_10,1.8.0
1.2.0_6,1.2.0
1.2.0_7,1.2.0
0.5_8,0.5
1.2.0_4,1.2.0
0.5_9,0.5
1.2.0_5,1.2.0
1.2.0_3,1.2.0
1.8.0_19,1.8.0
1.8.0_18,1.8.0
1.2.0_1,1.2.0
1.8.0_17,1.8.0
0.5_2,0.5
0.5_3,0.5
0.5_1,0.5
0.5_6,0.5
0.5_4,0.5
1.2.0_9,1.2.0
1.1.0_36,1.1.0
1.1.0_32,1.1.0
1.1.0_35,1.1.0
1.1.0_34,1.1.0
0.4_11,0.2
0.4_13,0.4,0.2
0.4_12,0.2,0.4
0.4_15,0.4
0.4_14,0.2,0.4
0.4_17,0.4
0.4_16,0.4
1.6.0_18,1.6.0
0.4_19,0.4
1.6.0_12,1.6.0
1.6.0_11,1.5.0
0.4_22,0.2
0.4_21,0.4
0.4_24,0.4
0.4_23,0.4
0.4_26,0.4
0.4_25,0.4
0.4_27,0.4
0.4_20,0.4
0.7_8,0.7
0.7_9,0.7
0.7_6,0.7
0.7_7,0.7
0.7_1,0.7
0.7_4,0.7
0.7_5,0.7
0.7_2,0.7
0.7_3,0.7
1.6.0_30,1.6.0
1.6.0_31,1.6.0
0.5_13,0.5
0.5_14,0.5
0.5_11,0.5,0.2,0.3
0.5_12,0.5
1.1.0_9,1.1.0
0.5_10,0.5
1.1.0_1,1.1.0
1.1.0_2,1.1.0
1.1.0_3,1.1.0
1.1.0_6,1.1.0
1.1.0_7,1.1.0
1.6.0_29,1.6.0
1.6.0_28,1.6.0
0.5_19,0.5
1.6.0_25,1.6.0
1.6.0_24,1.6.0
1.6.0_20,1.6.0
0.7_40,0.7
0.7_43,0.7
0.7_42,0.7
1.2.0_13,1.2.0
1.2.0_11,1.2.0
1.2.0_12,1.2.0
1.2.0_10,1.2.0
0.4_9,0.4
0.4_3,0.4
0.4_4,0.4
0.4_7,0.4
0.4_8,0.4
0.4_6,0.4
0.7_16,0.7
0.7_15,0.7
0.7_14,0.7
0.7_19,0.7
0.7_18,0.7
0.7_17,0.7
1.4.0_1,1.4.0
0.7_12,0.7
0.7_11,0.6
1.4.0_5,1.4.0
1.4.0_2,1.4.0
1.4.0_3,1.4.0
1.4.0_8,1.4.0
1.4.0_6,1.4.0
1.4.0_7,1.4.0
0.7_26,0.7
0.7_25,0.7
0.7_24,0.7
1.3.0_8,1.3.0
0.7_29,0.7
1.3.0_9,1.3.0
0.7_28,0.7
0.7_23,0.7
0.7_22,0.7
0.7_21,0.7
0.7_20,0.7
0.3_3,0.3
1.3.0_3,1.3.0
1.3.0_6,1.3.0
0.3_1,0.3,0.2
1.3.0_1,1.3.0
1.3.0_2,1.3.0,1.0.0
0.7_38,0.7
0.7_36,0.7
0.7_35,0.7
0.7_39,0.5,0.7
0.7_30,0.7
0.7_34,0.7
0.7_33,0.7
0.7_31,0.7
1.5.0_5,1.5.0
1.5.0_6,1.5.0
1.5.0_7,1.5.0
1.5.0_8,1.5.0
1.5.0_2,1.5.0
1.5.0_17,1.5.0
1.5.0_18,1.5.0
1.5.0_19,1.5.0
1.5.0_13,1.5.0
1.5.0_27,1.5.0
1.5.0_28,1.5.0
1.5.0_29,1.5.0
1.6.0_9,1.6.0
1.6.0_6,1.6.0
1.5.0_22,1.5.0
1.6.0_7,1.6.0
1.6.0_4,1.6.0
1.6.0_5,1.6.0
1.6.0_2,1.6.0
1.6.0_3,1.6.0
1.6.0_1,1.6.0
1.5.0_30,1.5.0
1.0.0_10,1.0.0
1.0.0_11,1.0.0
1.0.0_12,1.0.0
