3.0_30,2.2
3.0_37,2.2
3.3_3,3.3
3.3_4,3.3
3.3_5,3.3
3.0_36,2.2
3.3_6,3.3
3.0_33,2.2
3.0_34,2.2
3.0_31,2.2
3.3_1,3.3
3.0_32,2.2
3.3_2,3.3
3.3_7,3.3
3.3_8,3.3
3.0_39,2.2
3.3_9,3.3
3.0_27,2.2
3.0_24,2.2,3.0
3.0_22,2.2
3.0_23,2.2
3.0_20,2.2
3.0_21,2.2
3.0_28,2.2
3.0_29,2.2
3.0_51,2.2
3.0_52,2.2
3.0_50,2.2
3.0_59,2.2
3.4_2,3.4
3.4_3,3.4
3.0_57,2.2
3.4_4,3.4
3.0_58,2.2
3.4_5,3.4
3.0_56,2.2
3.0_53,2.2
3.1_22,2.2
3.0_54,2.2
3.4_1,3.4
3.4_6,3.4
3.4_7,3.4
3.4_8,3.4
3.4_9,3.4
3.0_40,2.2
3.0_48,2.2
3.0_49,2.2
3.0_47,2.2
3.0_42,2.2
3.1_11,2.2
3.5_1,3.5
3.5_2,3.5
3.5_3,3.5
3.5_4,3.5
3.5_9,3.5
3.5_5,3.5
3.5_6,3.5
3.5_7,3.5
3.5_8,3.5
3.0_106,2.2
3.0_105,2.2
3.0_108,2.2
3.0_101,2.2
3.0_104,2.2
3.0_16,2.2
3.6_1,3.6
3.0_13,2.2
3.0_100,2.2
3.6_2,3.6
3.6_3,3.6
3.0_11,2.2
3.0_12,2.2
3.0_10,2.2
3.6_8,3.6
3.6_9,3.6
3.0_19,2.2
3.6_4,3.6
3.6_5,3.6
3.6_6,3.6
3.0_18,2.2
3.6_7,3.6
3.0_109,2.2
3.0_1,2.2
3.0_7,2.2
3.0_9,2.2
3.0_2,2.2
3.0_3,2.2
3.0_4,2.2
3.0_5,2.2
2.2_9,2.2
2.2_7,2.2
2.2_8,2.2
2.2_5,2.2
2.2_4,2.2
2.2_1,1.1,2.2
2.2_2,2.2
3.1_1,2.2
3.1_2,2.2
3.2_4,3.2
3.2_5,3.2
3.2_6,3.2
3.2_7,3.2
3.2_1,3.2
3.2_2,3.2
3.2_3,3.2
3.2_8,3.2
3.2_9,3.2
3.6_10,3.6
3.6_12,3.6
3.6_11,3.6
3.5_36,3.5
3.5_31,3.5
3.5_32,3.5
3.5_33,3.5
3.5_34,3.5
3.5_35,3.5
2.2_31,2.2
2.2_34,2.2
2.2_35,2.2
2.2_32,2.1,2.2
2.2_33,2.2
2.2_20,2.2
2.2_23,2.1,2.2
2.2_22,2.2
2.2_27,2.1,2.2
2.2_28,2.2
2.2_25,2.2
2.2_26,2.2
2.2_18,2.2
2.2_19,2.2
2.0_75,2.0
2.2_12,2.2
2.2_13,2.2
2.0_77,2.0
2.2_10,2.2
2.0_76,2.0
2.2_11,2.2
2.0_79,2.0
2.2_16,2.2
2.2_17,2.2
2.2_14,2.2
2.2_15,2.2
3.4_35,3.4
3.4_36,3.4
3.4_37,3.4
3.4_38,3.4
3.4_39,3.4
3.4_32,3.4
3.4_33,3.4
3.4_34,3.4
2.0_66,2.0
2.0_65,2.0
2.0_68,2.0
2.0_67,2.0
3.4_24,3.4
3.4_25,3.4
3.4_26,3.4
3.4_27,3.4
3.4_28,3.4
3.4_21,3.4
3.4_22,3.4
3.4_23,3.4
2.0_51,2.0
2.0_52,2.0
2.0_55,2.0
2.0_54,1.2
2.0_57,2.0
2.0_56,2.0
2.0_58,2.0
3.5_25,3.5
3.5_27,3.5
3.5_28,3.5
3.5_29,3.5
3.5_20,3.5
3.5_21,3.5
3.5_22,3.5
3.5_23,3.5
3.5_24,3.5
2.0_40,2.0
2.0_42,2.0
2.0_41,2.0
2.0_44,2.0
2.0_43,2.0
2.0_46,2.0
2.0_45,2.0
2.0_47,2.0
1.2_2,1.2
2.0_39,2.0
3.5_14,3.5
2.0_38,2.0
3.5_15,3.5
3.5_16,3.5
3.5_17,3.5
3.5_18,3.5
3.5_19,3.5
3.4_40,3.4
3.4_41,3.4
3.4_42,3.4
3.5_10,3.5
3.4_43,3.4
3.5_11,3.5
3.4_44,3.4
3.5_12,3.5
1.2_1,1.2
3.4_45,3.4
3.5_13,3.5
2.0_31,2.0
2.0_30,2.0
2.0_33,2.0
2.0_32,2.0
2.0_6,2.0
3.0_128,2.2
3.3_22,3.3
2.0_29,1.2,2.0
3.0_129,2.2
3.0_124,2.2
3.0_123,2.2
3.0_126,2.2
3.0_125,2.2
3.0_120,2.2
3.0_122,2.2
3.0_121,2.2
3.3_26,3.3
3.3_25,3.3
3.3_24,3.3
3.3_23,3.3
2.0_20,1.2,2.0
2.0_22,2.0
2.0_21,1.2
2.0_23,2.0
3.0_117,2.2
3.2_43,3.2
2.0_16,2.0
3.0_116,2.2
3.2_42,3.2
3.2_41,3.2
3.0_118,2.2
3.0_113,2.2
3.0_112,2.2
3.0_115,2.2
3.0_114,2.2
3.3_19,3.3
3.3_18,3.3
3.0_111,2.2
3.0_110,2.2
3.3_15,3.3
3.3_14,3.3
3.2_45,3.2
3.3_13,3.3
3.2_44,3.2
3.3_12,3.3
2.0_11,2.0
2.0_13,2.0
2.0_12,2.0
2.0_14,2.0
3.4_13,3.4
3.4_14,3.4
3.4_15,3.4
3.4_16,3.4
3.4_17,3.4
3.4_18,3.4
3.4_19,3.4
3.4_10,3.4
3.4_11,3.4
3.4_12,3.4
3.0_131,2.2
3.0_130,2.2
3.1_42,2.2
3.2_10,3.2
3.0_74,2.2
3.0_71,2.2
3.0_72,2.2
3.0_70,2.2
3.2_18,3.2
3.2_17,3.2
3.0_79,2.2
3.2_16,3.2
3.2_15,3.2
3.0_77,2.2
3.1_46,2.2
3.2_14,3.2
3.0_78,2.2
3.1_45,2.2
3.2_13,3.2
3.0_75,2.2
3.2_12,3.2
3.0_76,2.2
3.2_11,3.2
3.2_19,3.2
3.0_63,2.2
3.1_30,1.2,2.2
3.0_60,2.2
3.0_61,2.2
3.0_68,2.2
3.0_69,2.2
3.0_67,2.2
3.0_64,2.2
3.0_65,2.2
3.0_95,2.2
3.2_32,3.2
3.0_96,2.2
3.2_31,3.2
3.0_93,2.2
3.2_30,3.2
3.0_94,2.2
3.1_60,2.2
3.0_92,2.2
3.0_90,2.2
3.2_39,3.2
3.2_38,3.2
3.2_37,3.2
3.0_99,2.2
3.2_36,3.2
3.2_35,3.2
3.0_97,2.2
3.2_34,3.2
3.0_98,2.2
3.2_33,3.2
3.0_84,2.2
3.2_21,3.2
3.2_20,3.2
3.0_83,2.2
3.0_80,2.2
3.0_81,2.2
3.2_29,3.2
3.2_27,3.2
3.0_88,2.2
3.2_25,3.2
3.0_89,3.0
3.2_24,3.2
3.0_86,2.2
3.0_87,2.2
3.2_22,3.2
