2.9.0_85,2.8.0
2.9.0_84,2.8.0
2.9.0_87,2.8.0
2.9.0_86,2.8.0
2.9.0_81,2.8.0,2.9.0
2.9.0_83,2.8.0
2.9.0_78,2.8.0
2.9.0_77,2.8.0
2.9.0_79,2.8.0
2.9.0_74,2.8.0
2.9.0_73,2.8.0,2.9.0
2.9.0_76,2.8.0
2.9.0_75,2.8.0
2.9.0_70,2.8.0
2.9.0_72,2.8.0
2.9.0_71,2.8.0
2.9.0_66,2.8.0
2.9.0_69,2.8.0
2.9.0_68,2.8.0
2.8.0_18,2.8.0
2.8.0_19,2.8.0
2.8.0_10,2.8.0
2.8.0_12,2.8.0
2.8.0_13,2.8.0
2.8.0_15,2.8.0
2.8.0_16,2.8.0
2.8.0_17,2.8.0
2.8.0_20,2.8.0
2.9.0_96,2.8.0
2.9.0_95,2.8.0
2.9.0_98,2.8.0
2.9.0_97,2.8.0
2.9.0_92,2.8.0
2.9.0_91,2.8.0
2.9.0_94,2.8.0
2.9.0_93,2.8.0
2.8.0_22,2.8.0
2.8.0_23,2.8.0
2.9.0_90,2.8.0
2.8.0_24,2.8.0
2.8.0_25,2.8.0
2.9.0_89,2.8.0
2.9.0_88,2.8.0
2.10.0_24,2.10.0
2.10.0_27,2.10.0
2.10.0_26,2.10.0
2.10.0_21,2.10.0
2.10.0_23,2.10.0
2.10.0_22,2.10.0
2.10.0_30,2.10.0
2.10.0_18,2.10.0
2.10.0_17,2.10.0
2.10.0_19,2.10.0
2.10.0_14,2.0.36,2.10.0
2.10.0_13,2.0.36,2.10.0
2.10.0_15,2.0.36,2.10.0
2.10.0_10,2.10.0
2.10.0_12,2.0.36,2.10.0
2.9.0_21,2.8.0
2.9.0_19,2.8.0
2.9.0_8,2.8.0
2.9.0_6,2.8.0
2.9.0_15,2.8.0
2.9.0_5,2.8.0
2.9.0_18,2.8.0
2.9.0_4,2.8.0
2.9.0_17,2.8.0
2.9.0_3,2.8.0
2.9.0_12,2.8.0
2.9.0_1,2.8.0
2.9.0_13,2.8.0
2.10.0_2,2.10.0
2.10.0_3,2.10.0
2.10.0_4,2.10.0
2.10.0_5,2.10.0
2.10.0_6,2.0.36,2.10.0
2.10.0_7,2.0.36,2.10.0
2.10.0_8,2.0.36,2.10.0
2.10.0_9,2.0.36,2.10.0
2.10.0_1,2.0.36,2.10.0
2.9.0_41,2.8.0
2.9.0_40,2.9.0
2.9.0_43,2.9.0
2.9.0_127,2.8.0
2.9.0_126,2.8.0
2.9.0_123,2.8.0
2.9.0_121,2.8.0
2.9.0_38,2.9.0
2.9.0_37,2.9.0
2.9.0_33,2.8.0,2.9.0
2.9.0_36,2.8.0,2.9.0
2.9.0_35,2.9.0
2.9.0_30,2.8.0,2.9.0
2.9.0_32,2.8.0,2.9.0
2.9.0_31,2.8.0,2.9.0
2.9.0_116,2.8.0
2.9.0_117,2.8.0
2.9.0_110,2.8.0
2.9.0_27,2.9.0
2.9.0_26,2.8.0,2.9.0
2.9.0_29,2.9.0
2.9.0_28,2.8.0,2.9.0
2.9.0_23,2.8.0,2.9.0,2.10.0
2.9.0_22,2.8.0,2.9.0
2.9.0_25,2.8.0,2.9.0
2.9.0_24,2.9.0
2.9.0_65,2.8.0
2.9.0_64,2.8.0
2.9.0_61,2.9.0
2.9.0_105,2.8.0
2.9.0_106,2.8.0
2.9.0_103,2.8.0
2.9.0_104,2.8.0
2.9.0_101,2.8.0
2.9.0_102,2.8.0
2.9.0_100,2.8.0
2.9.0_59,2.8.0,2.9.0
2.9.0_56,2.8.0
2.9.0_58,2.8.0,2.9.0
2.9.0_107,2.8.0
2.9.0_57,2.8.0,2.9.0
2.9.0_108,2.8.0
2.9.0_52,2.8.0
2.9.0_54,2.8.0,2.9.0
2.10.0_32,2.10.0
2.10.0_31,2.10.0
2.10.0_33,2.10.0
2.9.0_49,2.9.0
2.9.0_45,2.8.0
2.9.0_44,2.8.0,2.9.0
2.9.0_47,2.8.0,2.9.0
2.9.0_46,2.8.0,2.9.0
2.9.0_163,2.8.0
2.9.0_164,2.8.0
2.9.0_160,2.8.0
2.9.0_167,2.8.0
2.9.0_168,2.8.0
2.9.0_165,2.8.0
2.9.0_166,2.8.0
2.9.0_153,2.9.0
2.9.0_151,2.8.0
2.9.0_159,2.8.0
2.9.0_156,2.8.0
2.9.0_141,2.8.0
2.9.0_142,2.8.0
2.9.0_149,2.8.0
2.9.0_148,2.8.0
2.9.0_145,2.8.0
2.9.0_138,2.8.0
2.9.0_139,2.8.0
2.9.0_137,2.8.0
2.9.0_134,2.8.0
2.9.0_197,2.8.0
2.9.0_195,2.8.0,2.9.0
2.9.0_185,2.6.0
2.9.0_186,2.8.0
2.9.0_183,2.8.0
2.9.0_184,2.8.0
2.9.0_181,2.8.0
2.9.0_182,2.8.0,2.9.0
2.9.0_180,2.8.0
2.8.0_6,2.8.0,2.10.0
2.8.0_7,2.8.0
2.8.0_9,2.8.0
2.9.0_175,2.8.0
2.9.0_172,2.8.0
2.9.0_173,2.8.0
2.9.0_170,2.8.0
2.9.0_171,2.8.0
2.9.0_178,2.8.0,2.6.0
2.9.0_176,2.8.0
2.6.0_6,2.6.0
2.6.0_5,2.6.0
