3.1_20,2.1,3.1
3.1_27,3.1
3.1_26,3.1
3.1_25,3.1
3.1_23,3.1
3.1_22,2.1
3.1_21,3.1
3.1_17,3.1
3.1_16,3.1
3.1_15,3.1
3.1_13,3.1
3.1_12,3.1
3.1_11,3.1
3.1_10,2.1,3.1
3.1_18,2.1,3.1
2.1_9,1.1
2.1_4,2.1
2.1_2,2.1
2.1_3,2.1
3.0_1,2.1
3.0_6,2.1
3.0_8,2.1,3.0
3.0_2,2.1
3.0_3,2.1
3.0_4,2.1
3.0_5,2.1
3.1_5,2.1,3.1
3.1_6,3.1
3.1_8,3.1
3.1_3,3.1
3.1_4,3.1
3.1_9,3.1
2.1_28,1.1
2.1_29,1.1,2.1
2.1_21,1.1
2.1_26,1.1
2.1_25,1.1
2.1_19,2.1
2.1_18,2.1,1.1
2.1_13,2.1,1.1
3.1_42,3.1
3.1_41,3.1
3.1_40,3.1
3.1_47,3.1
3.1_46,3.1
3.1_45,3.1
3.1_43,3.1
3.1_31,3.1
3.1_30,2.1
3.1_39,3.1
3.1_38,3.1
3.1_37,3.1
3.1_36,3.1
3.1_35,3.1
3.1_34,3.1
3.1_33,3.1
3.1_32,3.1
