1.7_1,1.7
1.7_3,1.7
1.7_4,1.7
1.5_17,1.5
1.5_15,1.5
1.5_13,1.5
1.5_12,1.5
1.5_11,1.5
1.5_10,1.5
1.6_15,1.6
1.6_14,1.6
1.6_13,1.6
1.6_12,1.6
1.6_11,1.6
1.6_10,1.6
1.8_1,1.8
1.8_2,1.8
1.8_3,1.8
1.8_4,1.8
1.8_5,1.8
1.8_6,1.8
1.8_7,1.8
1.8_8,1.8
1.9_1,1.9
1.9_3,1.9
1.9_4,1.9
1.9_5,1.9
1.9_6,1.9
1.9_7,1.9
1.9_8,1.9
1.10_10,1.10
1.10_11,1.10
1.10_12,1.10
1.10_13,1.10
1.3_1,1.3
1.3_3,1.3
1.4_1,1.4
1.4_2,1.4
1.4_3,1.4
1.4_4,1.4
1.4_5,1.4
1.4_6,1.4
1.4_8,1.4
1.4_9,1.4
1.5_1,1.5
1.5_2,1.5
1.5_3,1.5
1.5_4,1.5
1.5_5,1.5
1.5_6,1.5
1.5_7,1.5
1.5_8,1.5
1.5_9,1.5
1.9_11,1.9
1.9_13,1.9
1.9_12,1.9
1.6_2,1.6
1.6_3,1.6
1.6_4,1.6,1.5
1.11_11,1.11
1.11_12,1.11
1.6_7,1.6
1.6_8,1.6
1.11_10,1.11
1.6_9,1.6
1.11_13,1.11
1.16_1,1.16
1.16_2,1.16
1.16_3,1.16
1.16_4,1.16
1.0_12,1.0
1.15_6,1.15
1.15_7,1.15
1.15_8,1.15
1.15_3,1.15
1.15_4,1.15
1.15_5,1.15
1.0_26,1.0
1.0_27,1.0
1.0_22,1.0
1.0_23,1.0
1.0_24,1.0
1.0_25,1.0
1.0_20,1.0
1.0_21,1.0
1.14_3,1.14
1.14_4,1.14
1.14_5,1.14
1.14_6,1.14
1.14_2,1.14
1.1_20,1.1
1.1_21,1.1
1.1_3,1.1
1.1_5,1.1
1.1_6,1.1
1.1_7,1.1
1.1_8,1.1
1.1_9,1.1
1.1_17,1.1
1.1_16,1.1
1.1_1,1.1
1.1_19,1.1
1.1_2,1.1
1.1_18,1.1
1.1_13,1.1
1.1_15,1.1
1.13_5,1.13
1.13_6,1.13
1.13_2,1.13
1.13_3,1.13
1.2_2,1.2
1.2_3,1.2
1.2_4,1.2
1.2_5,1.2
1.2_1,1.2
1.12_5,1.12
1.12_6,1.12
1.12_7,1.12
1.12_2,1.12
1.12_3,1.12
1.12_4,1.12
1.11_6,1.11
1.11_7,1.11
1.11_8,1.11
1.11_9,1.11
1.11_2,1.11
1.11_3,1.11
1.11_4,1.11
1.11_5,1.11
1.11_1,1.11
1.10_7,1.10
1.10_8,1.10
1.10_9,1.10
1.10_3,1.10
1.10_4,1.10
1.10_5,1.10
1.10_6,1.10
1.10_1,1.10
1.10_2,1.10
1.4_13,1.4
1.4_11,1.4
1.4_12,1.4
1.4_10,1.4
