1.4_51,1.4,1.11
1.4_52,1.4
1.4_48,1.4
1.4_46,1.4
1.4_47,1.4
1.4_44,1.4
1.4_45,1.4
1.4_42,1.4
1.4_43,1.4
1.4_40,1.11,1.4
1.4_41,1.11
1.6_16,1.6
1.6_15,1.6
1.6_12,1.6
1.6_11,1.6
1.6_10,1.6
1.8_1,1.8
1.8_2,1.8
1.8_4,1.8
1.8_5,1.8
1.8_6,1.8
1.8_7,1.8
1.8_9,1.8
1.9_1,1.9
1.9_2,1.9
1.8_10,1.8
1.11_22,1.11
1.11_23,1.11
1.11_20,1.11
1.11_21,1.11
1.11_24,1.11
1.11_25,1.11
1.6_1,1.6
1.6_2,1.6
1.6_3,1.6
1.6_4,1.6
1.6_5,1.6
1.11_19,1.11
1.11_18,1.11
1.6_6,1.6
1.11_12,1.11
1.6_7,1.6
1.6_8,1.6
1.11_10,1.11
1.6_9,1.6,1.5
1.11_15,1.11
1.11_16,1.11
1.11_13,1.11
1.11_14,1.11
1.11_6,1.11
1.11_7,1.11
1.11_8,1.11
1.11_9,1.11
1.11_3,1.11
1.11_1,1.11
1.4_19,1.4
1.4_18,1.4
1.4_16,1.4
1.4_39,1.4
1.4_31,1.4
1.4_32,1.4
1.4_30,1.11,1.4
1.4_29,1.4
1.4_26,1.4
1.4_27,1.4
1.4_24,1.4
1.4_25,1.4
1.4_22,1.4
1.4_20,1.4
1.4_21,1.4
