1.7.0_1,1.7.0
1.7.0_3,1.7.0
1.7.0_4,1.7.0
1.7.0_5,1.7.0,1.6.0
1.8.0_5,1.8.0
1.8.0_4,1.8.0,1.6.0
1.8.0_2,1.8.0
1.8.0_7,1.8.0
1.8.0_6,1.8.0
1.8.0_1,1.8.0
1.8.0_23,1.8.0
1.8.0_22,1.8.0
1.8.0_21,1.8.0
1.8.0_20,1.8.0
1.8.0_16,1.8.0
1.8.0_15,1.8.0
1.8.0_13,1.8.0
1.8.0_12,1.8.0
1.8.0_11,1.8.0
1.8.0_10,1.8.0
1.8.0_19,1.6.0
1.8.0_18,1.8.0
1.8.0_17,1.6.0
1.9.0_9,1.9.0
1.9.0_2,1.9.0
1.9.0_1,1.6.0
1.9.0_4,1.9.0
1.9.0_3,1.6.0
1.9.0_5,1.6.0
1.9.0_8,1.9.0
1.6.0_17,1.6.0
1.6.0_14,1.6.0
1.6.0_10,1.6.0
1.6.0_37,1.6.0
1.6.0_39,1.6.0
1.6.0_33,1.6.0
1.6.0_30,1.6.0
1.6.0_32,1.6.0
1.6.0_27,1.6.0
1.6.0_28,1.6.0
1.6.0_23,1.6.0
1.6.0_22,1.6.0
1.6.0_25,1.6.0
1.6.0_21,1.6.0
1.6.0_20,1.6.0
1.6.0_61,1.6.0
1.6.0_59,1.6.0
1.6.0_56,1.6.0
1.6.0_58,1.6.0
1.6.0_57,1.6.0
1.6.0_52,1.6.0
1.6.0_51,1.6.0
1.6.0_54,1.6.0
1.6.0_50,1.6.0
1.6.0_49,1.6.0
1.6.0_48,1.6.0
1.6.0_45,1.6.0
1.6.0_44,1.6.0
1.6.0_47,1.6.0
1.6.0_46,1.6.0
1.6.0_41,1.6.0
1.6.0_40,1.6.0
1.6.0_43,1.6.0
1.6.0_67,1.6.0
1.6.0_66,1.6.0
1.6.0_63,1.6.0
1.6.0_62,1.6.0
1.6.0_65,1.6.0
1.6.0_64,1.6.0
1.9.0_33,1.9.0
1.9.0_32,1.9.0
1.9.0_50,1.9.0
1.9.0_49,1.9.0
1.9.0_20,1.9.0
1.9.0_13,1.9.0
1.9.0_12,1.9.0
1.9.0_11,1.9.0
1.9.0_10,1.9.0
1.9.0_16,1.6.0
1.9.0_31,1.9.0
1.9.0_23,1.9.0
1.9.0_25,1.6.0
1.6.0_4,1.6.0
1.6.0_3,1.6.0
1.6.0_1,1.6.0
