2.0.0_216,2.0.0
2.0.0_217,2.0.0
2.0.0_214,2.0.0
2.0.0_215,2.0.0
2.4.0_1,2.4.0
2.0.0_213,2.0.0
2.4.0_2,2.4.0
2.0.0_210,2.0.0
2.0.0_211,2.0.0
1.4.1_11,1.4.1
1.4.1_13,1.4.1
1.4.1_18,1.4.1
2.4.0_5,2.4.0
1.4.1_19,1.4.1
2.4.0_6,2.4.0
2.1.0_26,2.1.0
2.4.0_7,2.4.0
2.1.0_27,2.1.0
2.4.0_8,2.4.0
1.4.1_14,1.4.1
2.1.0_24,2.1.0
2.4.0_9,2.4.0
2.1.0_25,2.1.0
1.4.1_16,1.4.1
2.1.0_22,2.1.0
1.4.1_17,1.4.1
2.0.0_219,2.0.0
2.1.0_23,2.1.0
2.0.0_106,2.0.0
2.0.0_227,2.0.0
2.0.0_225,2.0.0
2.0.0_105,2.0.0
2.0.0_102,2.0.0
2.0.0_223,2.0.0
2.0.0_103,2.0.0
2.0.0_224,2.0.0
2.0.0_100,2.0.0
2.0.0_221,2.0.0
2.0.0_101,2.0.0
2.0.0_222,2.0.0
2.0.0_220,2.0.0
1.4.1_21,1.4.1
1.4.1_22,1.4.1
1.4.1_23,1.4.1
1.4.1_20,1.4.1
1.4.1_25,1.4.1
1.4.1_26,1.4.1
1.4.1_27,1.4.1
2.0.0_108,2.0.0
2.0.0_229,2.0.0
2.0.0_205,2.0.0
2.0.0_206,2.0.0
2.0.0_201,2.0.0
2.0.0_202,2.0.0
2.0.0_200,2.0.0
2.0.0_209,2.0.0
2.0.0_208,2.0.0
2.0.0_139,2.0.0
2.0.0_258,2.0.0
2.0.0_138,2.0.0
2.0.0_259,2.0.0
2.0.0_135,2.0.0
2.0.0_136,2.0.0
2.0.0_257,2.0.0
2.0.0_133,2.0.0
2.0.0_254,2.0.0
2.0.0_134,2.0.0
2.0.0_131,2.0.0
2.0.0_252,2.0.0
2.0.0_132,2.0.0
2.0.0_250,2.0.0
2.0.0_148,2.0.0
2.0.0_146,2.0.0
2.0.0_144,1.4.1
2.0.0_145,2.0.0
2.3.0_8,2.3.0
2.0.0_143,2.0.0
2.3.0_9,2.3.0
2.0.0_140,2.0.0
2.0.0_261,2.0.0
2.3.0_6,2.3.0
2.0.0_141,2.0.0
2.3.0_7,2.3.0
2.0.0_260,2.0.0
2.3.0_4,2.3.0
2.3.0_5,2.3.0
2.3.0_2,2.3.0
2.3.0_3,2.3.0
2.0.0_117,2.0.0
2.0.0_238,2.0.0
2.0.0_239,2.0.0
2.0.0_236,2.0.0
2.0.0_116,2.0.0
2.0.0_237,2.0.0
2.0.0_113,2.0.0
2.0.0_234,2.0.0
2.0.0_114,2.0.0
2.0.0_235,2.0.0
2.0.0_111,2.0.0
2.0.0_112,2.0.0
2.0.0_233,2.0.0
2.0.0_230,2.0.0
2.0.0_110,2.0.0
2.0.0_231,2.0.0
2.0.0_119,2.0.0
2.0.0_128,2.0.0
2.0.0_129,2.0.0
2.0.0_247,2.0.0
2.0.0_248,2.0.0
2.0.0_124,2.0.0
2.0.0_245,2.0.0
2.0.0_125,2.0.0
2.0.0_246,2.0.0
2.0.0_243,2.0.0
2.1.0_19,2.1.0
2.0.0_123,2.0.0
2.0.0_244,2.0.0
2.0.0_120,2.0.0
2.0.0_241,2.0.0
2.0.0_242,2.0.0
2.0.0_240,2.0.0
2.1.0_10,2.1.0
2.1.0_17,2.1.0
2.1.0_15,2.1.0
2.1.0_16,2.1.0
2.1.0_14,2.1.0
2.2.0_37,2.2.0
2.2.0_36,2.2.0
2.2.0_35,2.2.0
2.2.0_34,2.2.0
2.0.0_179,2.0.0
2.0.0_177,2.0.0
2.0.0_178,2.0.0
2.0.0_176,2.0.0
2.0.0_173,2.0.0
2.0.0_174,2.0.0
2.0.0_171,2.0.0
2.2.0_33,2.2.0
2.0.0_172,2.0.0
2.2.0_32,2.2.0
2.2.0_31,2.2.0
2.0.0_170,2.0.0
2.2.0_30,2.2.0
1.4.1_99,1.4.1
1.4.1_94,1.4.1
1.4.1_95,1.4.1
1.4.1_96,1.4.1
2.2.0_3,2.2.0
2.2.0_48,2.2.0
2.2.0_4,2.2.0
2.2.0_47,2.2.0
2.2.0_5,2.2.0
2.2.0_6,2.2.0
2.2.0_45,2.2.0
2.0.0_188,2.0.0
2.2.0_1,2.2.0
2.0.0_189,2.0.0
2.2.0_2,2.2.0
2.2.0_49,2.2.0
2.0.0_186,2.0.0
2.2.0_40,2.2.0
2.0.0_187,2.0.0
2.0.0_184,2.0.0
2.0.0_185,2.0.0
2.0.0_182,2.0.0
2.2.0_44,2.2.0
2.2.0_43,2.2.0
2.0.0_180,2.0.0
2.2.0_42,2.2.0
2.0.0_181,2.0.0
2.2.0_7,2.2.0
2.2.0_8,2.2.0
2.2.0_15,2.2.0
2.2.0_14,2.2.0
2.0.0_159,2.0.0
2.2.0_13,2.2.0
2.2.0_12,2.2.0
2.0.0_157,1.4.1,2.0.0
2.2.0_19,2.2.0
2.0.0_158,2.0.0
2.2.0_18,2.2.0
2.0.0_155,2.0.0
2.2.0_17,2.2.0
2.0.0_153,2.0.0
1.4.1_80,1.4.1
1.4.1_81,1.4.1
2.0.0_151,2.0.0
1.4.1_82,1.4.1
2.0.0_152,2.0.0
2.2.0_11,2.2.0
2.0.0_150,2.0.0
2.2.0_10,2.2.0
1.4.1_76,1.4.1
1.4.1_78,1.4.1
1.4.1_79,1.4.1
1.4.1_73,1.4.1
1.4.1_75,1.4.1
2.2.0_26,2.2.0
2.2.0_25,2.2.0
2.2.0_24,2.2.0
2.2.0_23,2.2.0
2.0.0_169,1.4.1
2.2.0_29,2.2.0
2.0.0_166,2.0.0
2.2.0_28,2.2.0
2.0.0_167,2.0.0
2.2.0_27,2.2.0
1.4.1_90,1.4.1
2.0.0_164,2.0.0
2.0.0_162,1.4.1
1.4.1_93,1.4.1
2.0.0_163,2.0.0
2.0.0_160,1.4.1
2.0.0_161,2.0.0
2.2.0_20,2.2.0
1.4.1_87,1.4.1
1.4.1_88,1.4.1
1.4.1_89,1.4.1
1.4.1_83,1.4.1
1.4.1_84,1.4.1
1.4.1_85,1.4.1
1.4.1_86,1.4.1
1.4.1_126,1.4.1
1.4.1_127,1.4.1
1.4.1_60,1.4.1
1.4.1_54,1.4.1
1.4.1_56,1.4.1
1.4.1_57,1.4.1
1.4.1_52,1.4.1
1.4.1_120,1.4.1
1.4.1_121,1.4.1
1.4.1_58,1.4.1
1.4.1_59,1.4.1
1.4.1_123,1.4.1
1.4.1_124,1.4.1
1.4.1_115,1.4.1
1.4.1_116,1.4.1
1.4.1_117,1.4.1
1.4.1_118,1.4.1
1.4.1_119,1.4.1
1.4.1_70,1.4.1
1.4.1_71,1.4.1
1.4.1_67,1.4.1
1.4.1_68,1.4.1
1.4.1_61,1.4.1
1.4.1_62,1.4.1
1.4.1_63,1.4.1
1.4.1_110,1.4.1
1.4.1_69,1.4.1
1.4.1_111,1.4.1
1.4.1_112,1.4.1
1.4.1_114,1.4.1
2.0.0_199,2.0.0
2.0.0_197,2.0.0
2.2.0_51,2.2.0
2.2.0_50,2.2.0
2.0.0_195,2.0.0
2.0.0_193,2.0.0
2.0.0_194,2.0.0
2.0.0_191,2.0.0
2.1.0_8,2.1.0
2.2.0_53,2.2.0
2.0.0_192,2.0.0
2.1.0_9,2.1.0
2.2.0_52,2.2.0
1.4.1_32,1.4.1
2.1.0_6,2.1.0
2.4.0_21,2.4.0
1.4.1_33,1.4.1
2.1.0_7,2.1.0
2.4.0_22,2.4.0
1.4.1_34,1.4.1
2.4.0_23,2.4.0
1.4.1_35,1.4.1
2.1.0_5,2.1.0
2.1.0_2,2.1.0
2.1.0_3,2.1.0
1.4.1_31,1.4.1
2.1.0_1,2.1.0
2.4.0_20,2.4.0
1.4.1_37,1.4.1
1.4.1_38,1.4.1
1.4.1_44,1.4.1
2.4.0_11,2.4.0
2.4.0_12,2.4.0
1.4.1_46,1.4.1
2.4.0_13,2.4.0
1.4.1_40,1.4.1
1.4.1_41,1.4.1
1.4.1_42,1.4.1
2.4.0_18,2.4.0
1.4.1_130,1.4.1
2.4.0_19,2.4.0
1.4.1_131,1.4.1
1.4.1_47,1.4.1
1.4.1_48,1.4.1
2.4.0_15,2.4.0
2.4.0_16,2.4.0
2.4.0_17,2.4.0
2.3.0_40,2.3.0
2.3.0_41,2.3.0
2.3.0_42,2.3.0
2.3.0_45,2.3.0
2.3.0_47,2.3.0
2.3.0_48,2.3.0
2.0.0_90,2.0.0
2.0.0_93,2.0.0
2.3.0_51,2.3.0
2.0.0_92,2.0.0
2.0.0_95,2.0.0
2.3.0_53,2.3.0
2.0.0_94,2.0.0
2.3.0_54,2.3.0
2.0.0_97,2.0.0
2.0.0_96,2.0.0
2.3.0_56,2.3.0
2.0.0_99,2.0.0
2.3.0_57,2.3.0
2.0.0_98,2.0.0
2.3.0_59,2.3.0
1.4.1_104,1.4.1
2.0.0_9,2.0.0
2.0.0_80,2.0.0
2.3.0_60,2.3.0
1.4.1_105,1.4.1
1.4.1_106,1.4.1
2.0.0_82,2.0.0
1.4.1_107,1.4.1
2.0.0_81,2.0.0
2.0.0_84,2.0.0
1.4.1_109,1.4.1
2.0.0_83,2.0.0
2.0.0_86,2.0.0
2.0.0_85,2.0.0
2.0.0_87,2.0.0
2.0.0_89,2.0.0
2.0.0_1,2.0.0
2.0.0_2,2.0.0
2.0.0_3,2.0.0
1.4.1_100,1.4.1
2.0.0_5,2.0.0
1.4.1_101,1.4.1
2.0.0_6,2.0.0
1.4.1_102,1.4.1
1.4.1_103,1.4.1
2.0.0_8,2.0.0
2.0.0_71,2.0.0
2.0.0_70,2.0.0
2.0.0_72,2.0.0
2.0.0_75,2.0.0
2.0.0_74,2.0.0
2.0.0_77,2.0.0
2.0.0_76,2.0.0
2.0.0_79,2.0.0
2.0.0_60,2.0.0
2.0.0_61,2.0.0
2.0.0_64,2.0.0
2.0.0_66,2.0.0
2.0.0_65,2.0.0
2.0.0_68,2.0.0
2.0.0_67,2.0.0
2.0.0_69,2.0.0
2.0.0_51,2.0.0
2.0.0_50,2.0.0
2.0.0_52,2.0.0
2.0.0_57,2.0.0
2.0.0_56,2.0.0
2.0.0_59,2.0.0
2.0.0_58,2.0.0
2.0.0_40,1.4.1
2.0.0_42,2.0.0
2.0.0_44,2.0.0
2.0.0_43,2.0.0
2.0.0_46,2.0.0
2.0.0_47,2.0.0
2.0.0_49,1.4.1,2.0.0
2.0.0_31,2.0.0
2.0.0_30,2.0.0
2.0.0_33,2.0.0
2.0.0_32,2.0.0
2.0.0_35,2.0.0
2.0.0_34,2.0.0
2.0.0_37,2.0.0
2.0.0_39,2.0.0
2.0.0_38,2.0.0
2.0.0_20,2.0.0
2.0.0_22,2.0.0
2.0.0_21,2.0.0
2.0.0_24,2.0.0
2.0.0_23,2.0.0
2.0.0_26,2.0.0
2.0.0_25,2.0.0
2.0.0_28,2.0.0
2.0.0_27,2.0.0
2.0.0_29,2.0.0
2.0.0_11,2.0.0
2.0.0_10,2.0.0
2.0.0_15,2.0.0
2.0.0_14,2.0.0
2.0.0_17,2.0.0
2.0.0_16,2.0.0
2.0.0_19,2.0.0
2.0.0_18,2.0.0
1.4.1_3,1.4.1
1.4.1_4,1.4.1
1.4.1_2,1.4.1
1.4.1_8,1.4.1
1.4.1_5,1.4.1
2.3.0_11,2.3.0
2.3.0_13,2.3.0
2.3.0_14,2.3.0
2.3.0_16,2.3.0
2.3.0_18,2.3.0
2.3.0_19,2.3.0
2.3.0_20,2.3.0
2.3.0_21,2.3.0
2.3.0_22,2.3.0
2.3.0_23,2.3.0
2.3.0_25,2.3.0
2.3.0_26,2.3.0
2.3.0_27,2.3.0
2.3.0_29,2.3.0
2.3.0_30,2.3.0
2.3.0_31,2.3.0
2.3.0_32,2.3.0
2.3.0_33,2.3.0
2.3.0_35,2.3.0
2.3.0_36,2.3.0
2.3.0_37,2.3.0
2.3.0_38,2.3.0
2.3.0_39,2.3.0
