1.7.0_8,1.7.0
1.7.0_4,1.7.0
1.7.0_5,1.7.0
1.8.0_38,1.8.0
1.8.0_37,1.8.0
1.8.0_35,1.8.0
1.8.0_34,1.8.0
1.8.0_33,1.8.0
1.8.0_32,1.8.0
1.8.0_31,1.8.0
1.8.0_5,1.8.0
1.8.0_4,1.8.0
1.8.0_9,1.8.0
1.8.0_8,1.8.0
1.8.0_7,1.8.0
1.8.0_6,1.8.0
1.8.0_1,1.8.0
1.8.0_27,1.8.0
1.8.0_26,1.8.0
1.8.0_25,1.8.0
1.8.0_24,1.8.0
1.8.0_23,1.8.0
1.8.0_21,1.8.0
1.8.0_20,1.8.0
1.8.0_29,1.8.0
1.8.0_28,1.8.0
1.8.0_30,1.8.0
1.8.0_16,1.8.0
1.8.0_15,1.8.0
1.8.0_13,1.8.0
1.8.0_12,1.8.0
1.8.0_11,1.8.0
1.8.0_10,1.8.0
1.8.0_18,1.8.0
1.8.0_17,1.8.0
1.7.0_117,1.7.0
1.7.0_119,1.7.0
1.7.0_116,1.7.0
1.7.0_115,1.7.0
1.7.0_110,1.7.0
1.7.0_112,1.7.0
1.7.0_111,1.7.0
1.7.0_129,1.7.0
1.7.0_125,1.7.0
1.7.0_126,1.7.0
1.7.0_121,1.7.0
1.7.0_122,1.7.0
1.7.0_107,1.7.0
1.7.0_106,1.7.0
1.7.0_103,1.7.0
1.7.0_102,1.7.0
1.7.0_105,1.7.0
1.7.0_101,1.7.0
1.7.0_100,1.7.0
1.7.0_158,1.7.0
1.7.0_157,1.7.0
1.7.0_154,1.7.0
1.7.0_153,1.7.0
1.7.0_156,1.7.0
1.7.0_155,1.7.0
1.7.0_150,1.7.0
1.7.0_152,1.7.0
1.7.0_151,1.7.0
1.7.0_169,1.7.0
1.7.0_168,1.7.0
1.7.0_98,1.7.0
1.7.0_99,1.7.0
1.7.0_96,1.7.0
1.7.0_97,1.7.0
1.7.0_165,1.7.0
1.7.0_164,1.7.0
1.7.0_166,1.7.0
1.7.0_161,1.7.0
1.7.0_160,1.7.0
1.7.0_163,1.7.0
1.7.0_162,1.7.0
1.7.0_139,1.7.0
1.7.0_136,1.7.0
1.7.0_137,1.7.0
1.7.0_94,1.7.0
1.7.0_87,1.7.0
1.7.0_85,1.7.0
1.7.0_86,1.7.0
1.7.0_132,1.7.0
1.7.0_131,1.7.0
1.7.0_134,1.7.0
1.7.0_130,1.7.0
1.7.0_147,1.7.0
1.7.0_146,1.7.0
1.7.0_148,1.7.0
1.7.0_80,1.7.0
1.7.0_83,1.7.0
1.7.0_84,1.7.0
1.7.0_81,1.7.0
1.7.0_82,1.7.0
1.7.0_78,1.7.0
1.7.0_79,1.7.0
1.7.0_142,1.7.0
1.7.0_145,1.7.0
1.7.0_144,1.7.0
1.7.0_141,1.7.0
1.7.0_140,1.7.0
1.7.0_72,1.7.0
1.7.0_190,1.7.0
1.7.0_192,1.7.0
1.7.0_191,1.7.0
1.7.0_61,1.7.0
1.7.0_62,1.7.0
1.7.0_60,1.7.0
1.7.0_54,1.7.0
1.7.0_55,1.7.0
1.7.0_58,1.7.0
1.7.0_179,1.7.0
1.7.0_50,1.7.0
1.7.0_51,1.7.0
1.7.0_44,1.7.0
1.7.0_41,1.7.0
1.7.0_170,1.7.0
1.7.0_176,1.7.0
1.7.0_175,1.7.0
1.7.0_178,1.7.0
1.7.0_174,1.7.0
1.7.0_173,1.7.0
1.7.0_33,1.7.0
1.7.0_30,1.7.0
1.7.0_31,1.7.0
1.7.0_180,1.7.0
1.7.0_36,1.7.0
1.7.0_37,1.7.0
1.7.0_34,1.7.0
1.7.0_187,1.7.0
1.7.0_186,1.7.0
1.7.0_38,1.7.0
1.7.0_189,1.7.0
1.7.0_188,1.7.0
1.7.0_183,1.7.0
1.7.0_182,1.7.0
1.7.0_185,1.7.0
1.7.0_184,1.7.0
1.7.0_20,1.7.0
1.7.0_23,1.7.0
1.7.0_27,1.7.0
1.7.0_10,1.7.0
1.7.0_15,1.7.0
1.7.0_17,1.7.0
