0.12.0_8,0.12.0
0.3.0_37,0.3.0
0.12.0_6,0.12.0
0.3.0_39,0.3.0
0.3.0_34,0.3.0
0.3.0_33,0.3.0
0.3.0_36,0.3.0
0.3.0_35,0.3.0
0.3.0_30,0.3.0
0.12.0_4,0.12.0
0.13.0_12,0.13.0
0.12.0_3,0.12.0
0.13.0_11,0.13.0
0.13.0_16,0.13.0
0.13.0_14,0.13.0
0.13.0_15,0.13.0
0.13.0_18,0.13.0
0.3.0_26,0.3.0
0.3.0_29,0.3.0
0.3.0_28,0.3.0
0.3.0_23,0.3.0
0.3.0_22,0.3.0
0.13.0_20,0.13.0
0.3.0_21,0.3.0
0.3.0_20,0.3.0
0.13.0_23,0.13.0
0.13.0_24,0.13.0
0.13.0_21,0.13.0
0.13.0_22,0.13.0
0.13.0_28,0.13.0
0.13.0_26,0.13.0
0.13.0_30,0.13.0
0.3.0_52,0.3.0
0.13.0_31,0.13.0
0.3.0_51,0.3.0
1.0.0_4,0.9.0
1.0.0_5,0.14.0
0.13.0_36,0.13.0
1.0.0_2,0.9.0,0.14.0
1.0.0_3,0.14.0
1.0.0_6,1.0.0
0.3.0_49,0.3.0
0.3.0_48,0.3.0
0.3.0_45,0.3.0
0.3.0_46,0.3.0
0.13.0_41,0.13.0
0.3.0_41,0.3.0
0.13.0_42,0.13.0
0.3.0_40,0.3.0
0.3.0_42,0.3.0
0.13.0_45,0.13.0
0.14.0_50,0.14.0
0.10.0_23,0.10.0
0.10.0_25,0.10.0
0.14.0_58,0.14.0
0.14.0_55,0.14.0
0.14.0_54,0.14.0
0.14.0_53,0.14.0
0.6.0_18,0.6.0
0.6.0_19,0.6.0
0.14.0_49,0.14.0
0.6.0_11,0.6.0
0.6.0_12,0.6.0
0.10.0_17,0.10.0
0.10.0_18,0.10.0
0.10.0_11,0.10.0
0.10.0_12,0.10.0
0.14.0_44,0.14.0
0.10.0_19,0.10.0
0.14.0_43,0.14.0
0.14.0_40,0.14.0
0.6.0_29,0.6.0
0.6.0_25,0.6.0
0.6.0_26,0.6.0
0.14.0_38,0.14.0
0.6.0_27,0.6.0,0.5.0
0.14.0_37,0.14.0
0.6.0_21,0.6.0
0.6.0_22,0.6.0
0.10.0_20,0.10.0
0.6.0_23,0.6.0
0.6.0_24,0.6.0
0.6.0_20,0.6.0
0.4.0_60,0.4.0
0.4.0_65,0.4.0
0.4.0_63,0.4.0
0.10.0_10,0.10.0
0.3.0_6,0.3.0
0.14.0_60,0.14.0
0.3.0_7,0.3.0
0.4.0_55,0.4.0
0.4.0_52,0.4.0
0.4.0_53,0.4.0
0.4.0_58,0.4.0
0.4.0_59,0.4.0
0.4.0_57,0.4.0
0.3.0_8,0.3.0
0.3.0_9,0.3.0
0.8.0_7,0.8.0
0.8.0_9,0.8.0
0.8.0_3,0.8.0
0.8.0_4,0.8.0
0.8.0_5,0.8.0
0.8.0_6,0.8.0
0.8.0_2,0.8.0
0.9.0_2,0.9.0
0.9.0_3,0.9.0
0.9.0_8,0.9.0
0.9.0_9,0.9.0
0.9.0_6,0.9.0
0.8.0_13,0.8.0
0.8.0_15,0.8.0
0.8.0_14,0.8.0
0.8.0_11,0.8.0
0.8.0_17,0.8.0
0.3.0_19,0.3.0
0.8.0_16,0.8.0
0.8.0_19,0.8.0
0.3.0_15,0.3.0
0.3.0_18,0.3.0
0.3.0_17,0.3.0
0.3.0_12,0.3.0
0.3.0_14,0.3.0
0.8.0_23,0.8.0
0.8.0_25,0.8.0
0.8.0_20,0.8.0
0.8.0_22,0.8.0
0.8.0_21,0.8.0
0.5.0_55,0.5.0
0.5.0_54,0.5.0
0.5.0_53,0.5.0
0.5.0_50,0.5.0
0.5.0_58,0.5.0
0.5.0_49,0.5.0
0.6.0_6,0.6.0
0.6.0_7,0.6.0
0.6.0_8,0.6.0
0.6.0_1,0.6.0
0.6.0_2,0.6.0
0.11.0_12,0.11.0
0.11.0_14,0.11.0
0.11.0_16,0.11.0
0.5.0_11,0.5.0
0.5.0_10,0.5.0
0.5.0_19,0.5.0
0.7.0_2,0.7.0
0.7.0_1,0.7.0
0.7.0_8,0.7.0
0.7.0_6,0.7.0
0.7.0_7,0.7.0
0.7.0_4,0.7.0
0.7.0_5,0.7.0
0.5.0_32,0.5.0
0.5.0_31,0.5.0
0.5.0_30,0.5.0
0.5.0_29,0.5.0
0.5.0_28,0.5.0
0.5.0_27,0.5.0
0.5.0_26,0.5.0
0.10.0_9,0.10.0
0.10.0_7,0.10.0
0.10.0_4,0.10.0
0.10.0_2,0.10.0
0.10.0_3,0.10.0
0.10.0_1,0.10.0
0.14.0_14,0.14.0
0.14.0_13,0.14.0
0.14.0_11,0.14.0
0.4.0_40,0.4.0
0.4.0_43,0.4.0
0.4.0_44,0.4.0
0.4.0_46,0.4.0
0.4.0_49,0.4.0
0.14.0_3,0.14.0
0.12.0_12,0.12.0
0.14.0_1,0.14.0
0.4.0_32,0.4.0
0.4.0_33,0.4.0
0.4.0_30,0.4.0
0.4.0_31,0.4.0
0.14.0_8,0.14.0
0.4.0_35,0.4.0
0.14.0_6,0.14.0
0.14.0_7,0.14.0
0.4.0_38,0.4.0
0.14.0_5,0.14.0
0.4.0_39,0.4.0
0.14.0_36,0.14.0
0.14.0_35,0.14.0
0.14.0_32,0.14.0
0.14.0_31,0.14.0
0.4.0_22,0.4.0
0.4.0_25,0.4.0
0.4.0_26,0.4.0
0.4.0_23,0.4.0
0.4.0_24,0.4.0
0.4.0_29,0.4.0
0.4.0_28,0.4.0
0.11.0_7,0.11.0
0.11.0_9,0.11.0
0.14.0_25,0.14.0
0.11.0_4,0.11.0
0.14.0_24,0.14.0
0.11.0_5,0.11.0
0.14.0_23,0.14.0
0.11.0_6,0.11.0
0.14.0_22,0.14.0
0.14.0_21,0.14.0
0.14.0_20,0.14.0
0.4.0_8,0.4.0
0.4.0_9,0.4.0
0.4.0_4,0.4.0
0.7.0_10,0.7.0
0.14.0_19,0.14.0
0.4.0_6,0.4.0
0.14.0_18,0.14.0
0.4.0_10,0.4.0
0.7.0_12,0.7.0
0.14.0_17,0.14.0
0.14.0_16,0.14.0
0.4.0_1,0.4.0
0.7.0_14,0.7.0
0.7.0_13,0.7.0
0.7.0_16,0.7.0
0.4.0_15,0.4.0
0.7.0_15,0.7.0
0.7.0_18,0.7.0
0.7.0_17,0.7.0
0.4.0_18,0.4.0
0.7.0_19,0.7.0
0.4.0_16,0.4.0
0.13.0_6,0.13.0
0.13.0_9,0.13.0
0.13.0_1,0.13.0
0.13.0_2,0.13.0
0.13.0_4,0.13.0
0.7.0_21,0.7.0
0.7.0_25,0.7.0
0.7.0_24,0.7.0
0.7.0_27,0.7.0
0.7.0_26,0.7.0
0.7.0_29,0.7.0
0.7.0_28,0.7.0
0.7.0_30,0.7.0
0.7.0_32,0.7.0
0.7.0_31,0.7.0
0.7.0_34,0.7.0
0.7.0_33,0.7.0
0.7.0_36,0.7.0
0.7.0_35,0.7.0
0.9.0_22,0.9.0
0.7.0_37,0.7.0
0.9.0_20,0.9.0
0.9.0_21,0.9.0
0.9.0_25,0.9.0
0.5.0_5,0.5.0
0.5.0_2,0.5.0
0.12.0_18,0.12.0
0.12.0_19,0.12.0
0.12.0_14,0.12.0
0.12.0_15,0.12.0
0.12.0_21,0.12.0
0.9.0_19,0.9.0
0.12.0_23,0.12.0
0.12.0_22,0.12.0
0.9.0_18,0.9.0
0.9.0_11,0.9.0
0.5.0_9,0.5.0
0.9.0_12,0.9.0
0.5.0_6,0.5.0
0.9.0_10,0.9.0
0.9.0_15,0.9.0
0.9.0_16,0.9.0
0.9.0_13,0.9.0
0.9.0_14,0.9.0
0.12.0_27,0.12.0
0.12.0_26,0.12.0
