1.4.0_41,1.4.0
1.4.0_40,1.4.0
1.4.0_45,1.4.0
1.4.0_44,1.4.0
1.4.0_43,1.4.0
1.4.0_49,1.4.0
1.4.0_51,1.4.0
1.4.0_38,1.4.0
1.4.0_37,1.4.0
1.4.0_63,1.4.0
1.5.0_5,1.5.0
1.5.0_6,1.5.0
1.5.0_7,1.5.0
1.5.0_8,1.5.0
1.5.0_2,1.5.0
1.5.0_3,1.5.0
1.5.0_4,1.5.0
1.5.0_14,1.5.0
1.5.0_15,1.5.0
1.5.0_17,1.5.0
1.5.0_18,1.5.0
1.5.0_19,1.5.0
1.5.0_11,1.5.0
1.5.0_13,1.5.0
1.5.0_25,1.5.0
1.5.0_26,1.5.0
1.5.0_27,1.5.0
1.5.0_28,1.5.0
1.5.0_29,1.5.0
1.5.0_20,1.5.0
1.5.0_21,1.5.0
1.6.0_6,1.6.0
1.5.0_22,1.5.0
1.5.0_23,1.5.0
1.6.0_4,1.6.0
1.5.0_24,1.5.0
1.6.0_5,1.6.0
1.6.0_2,1.6.0
1.6.0_1,1.6.0
1.5.0_36,1.5.0
1.5.0_37,1.5.0
1.5.0_38,1.5.0
1.5.0_39,1.5.0
1.5.0_30,1.5.0
1.5.0_31,1.5.0
1.5.0_33,1.5.0
1.5.0_35,1.5.0
1.5.0_47,1.5.0
1.5.0_40,1.5.0
1.5.0_42,1.5.0
1.5.0_43,1.5.0
1.5.0_44,1.5.0
1.5.0_45,1.5.0
1.5.0_46,1.5.0
