0.3.0_20,0.3.0
0.3.0_4,0.3.0
0.3.0_2,0.3.0
0.3.0_1,0.3.0
0.3.0_18,0.3.0
0.3.0_12,0.3.0
0.3.0_11,0.3.0
0.5.0_56,0.5.0
0.5.0_55,0.5.0
0.5.0_54,0.5.0
0.5.0_52,0.5.0
0.5.0_51,0.5.0
0.5.0_50,0.5.0
0.5.0_58,0.5.0
0.5.0_43,0.5.0
0.5.0_40,0.4.0
0.5.0_200,0.5.0
0.5.0_203,0.5.0
0.5.0_49,0.5.0
0.5.0_207,0.5.0
0.5.0_78,0.5.0
0.5.0_77,0.5.0
0.5.0_76,0.5.0
0.5.0_75,0.5.0
0.5.0_74,0.4.0
0.5.0_73,0.5.0
0.5.0_72,0.4.0
0.5.0_67,0.5.0
0.5.0_65,0.5.0
0.5.0_63,0.5.0
0.5.0_60,0.5.0
0.5.0_68,0.5.0
0.5.0_70,0.5.0
0.5.0_12,0.5.0
0.5.0_11,0.5.0
0.5.0_112,0.5.0
0.5.0_19,0.5.0
0.5.0_113,0.5.0
0.5.0_115,0.5.0
0.5.0_16,0.5.0
0.5.0_15,0.5.0
0.5.0_110,0.5.0
0.5.0_13,0.5.0
0.5.0_111,0.5.0
0.5.0_116,0.5.0
0.5.0_118,0.5.0
0.5.0_127,0.5.0
0.5.0_128,0.5.0
0.5.0_129,0.5.0
0.5.0_34,0.5.0
0.5.0_33,0.5.0
0.5.0_32,0.5.0
0.5.0_31,0.5.0
0.5.0_30,0.5.0
0.5.0_38,0.5.0
0.5.0_37,0.5.0
0.5.0_35,0.5.0
0.5.0_23,0.5.0
0.5.0_101,0.5.0
0.5.0_102,0.5.0
0.5.0_29,0.5.0
0.5.0_28,0.5.0
0.5.0_104,0.5.0
0.5.0_27,0.5.0
0.5.0_25,0.4.0,0.5.0
0.5.0_100,0.5.0
0.5.0_109,0.5.0
0.5.0_105,0.5.0
0.5.0_108,0.5.0
0.5.0_150,0.5.0
0.5.0_151,0.5.0
0.5.0_158,0.5.0
0.5.0_152,0.5.0
0.5.0_155,0.5.0
0.4.0_43,0.4.0
0.4.0_41,0.4.0
0.4.0_42,0.4.0
0.4.0_47,0.4.0
0.4.0_48,0.4.0
0.4.0_45,0.4.0
0.5.0_166,0.5.0
0.4.0_31,0.4.0
0.5.0_135,0.5.0
0.5.0_136,0.5.0
0.5.0_137,0.5.0
0.5.0_130,0.5.0
0.5.0_131,0.5.0
0.5.0_132,0.5.0
0.5.0_133,0.5.0
0.4.0_21,0.4.0
0.5.0_138,0.5.0
0.4.0_22,0.4.0
0.5.0_139,0.5.0
0.4.0_25,0.4.0
0.4.0_23,0.4.0
0.4.0_24,0.4.0
0.4.0_29,0.4.0
0.4.0_28,0.4.0
0.5.0_140,0.5.0
0.5.0_145,0.5.0
0.5.0_146,0.5.0
0.5.0_147,0.5.0
0.4.0_7,0.4.0
0.5.0_142,0.5.0
0.4.0_9,0.4.0
0.5.0_143,0.5.0
0.5.0_144,0.5.0
0.4.0_3,0.4.0
0.4.0_4,0.4.0
0.4.0_5,0.4.0
0.4.0_6,0.4.0
0.4.0_10,0.4.0
0.4.0_11,0.4.0
0.4.0_1,0.4.0
0.4.0_2,0.4.0
0.4.0_15,0.4.0
0.4.0_13,0.4.0
0.5.0_192,0.5.0
0.5.0_99,0.5.0
0.5.0_193,0.5.0
0.5.0_98,0.5.0
0.5.0_194,0.5.0
0.5.0_195,0.5.0
0.5.0_96,0.5.0
0.5.0_95,0.5.0
0.5.0_94,0.5.0
0.5.0_190,0.5.0
0.5.0_93,0.5.0
0.5.0_191,0.5.0
0.5.0_196,0.5.0
0.5.0_197,0.5.0
0.5.0_199,0.5.0
0.5.0_89,0.5.0
0.5.0_88,0.5.0
0.5.0_86,0.5.0
0.5.0_85,0.5.0
0.5.0_84,0.5.0
0.5.0_83,0.5.0
0.5.0_82,0.5.0
0.5.0_92,0.5.0
0.5.0_91,0.5.0
0.5.0_90,0.5.0
0.5.0_178,0.5.0
0.5.0_8,0.5.0
0.5.0_6,0.5.0
0.5.0_7,0.5.0
0.5.0_183,0.5.0
0.5.0_184,0.5.0
0.5.0_180,0.5.0
0.5.0_185,0.5.0
0.5.0_186,0.5.0
0.5.0_188,0.5.0
