1.8.0_85,1.8.0
1.8.0_84,1.8.0
1.8.0_82,1.8.0
1.8.0_67,1.8.0
1.8.0_65,1.8.0
1.8.0_89,1.8.0
1.8.0_88,1.8.0
1.8.0_86,1.8.0
1.8.0_95,1.8.0
1.8.0_94,1.8.0
1.8.0_93,1.8.0
1.8.0_92,1.8.0
1.8.0_91,1.8.0
1.8.0_90,1.8.0
1.8.0_33,1.8.0
1.8.0_5,1.8.0
1.8.0_41,1.8.0
1.8.0_28,1.8.0
1.8.0_54,1.8.0
1.8.0_63,1.8.0
1.8.0_61,1.8.0
1.8.0_47,1.8.0
1.8.0_13,1.8.0
1.8.0_17,1.8.0
1.9.0_9,1.9.0
1.9.0_2,1.9.0
1.9.0_6,1.9.0
1.9.0_5,1.9.0
1.9.0_8,1.9.0
1.9.0_7,1.9.0
1.9.0_20,1.9.0
1.9.0_19,1.9.0
1.9.0_18,1.9.0
1.9.0_12,1.9.0
1.9.0_11,1.9.0,1.7.0
1.9.0_10,1.9.0
1.9.0_16,1.9.0
1.9.0_15,1.9.0
1.9.0_14,1.9.0
