2.6.0_192,2.6.0
2.6.0_191,2.6.0
2.6.0_190,2.6.0
2.6.0_196,2.6.0
2.6.0_195,2.6.0
2.6.0_194,2.6.0
2.6.0_193,2.6.0
2.6.0_199,2.6.0
2.6.0_198,2.6.0
2.6.0_197,2.6.0
2.6.0_168,2.6.0
2.6.0_280,2.6.0
2.6.0_163,2.6.0
2.6.0_284,2.6.0
2.6.0_162,2.6.0
2.6.0_283,2.6.0
2.6.0_160,2.6.0
2.6.0_288,2.6.0
2.6.0_165,2.6.0
2.6.0_286,2.6.0
2.6.0_164,2.6.0
2.6.0_159,2.6.0
2.6.0_158,2.6.0
2.6.0_279,2.6.0
2.6.0_157,2.6.0
2.6.0_278,2.6.0
2.6.0_152,2.6.0
2.6.0_273,2.6.0
2.6.0_151,2.6.0
2.6.0_272,2.6.0
2.6.0_150,2.6.0
2.6.0_271,2.6.0
2.6.0_156,2.6.0
2.6.0_277,2.6.0
2.6.0_155,2.6.0
2.6.0_276,2.6.0
2.6.0_275,2.6.0
2.6.0_153,2.6.0
2.6.0_274,2.6.0
2.6.0_181,2.6.0
2.6.0_180,2.6.0
2.6.0_185,2.6.0
2.6.0_183,2.6.0
2.6.0_182,2.6.0
2.6.0_186,2.6.0
2.6.0_179,2.6.0
2.6.0_291,2.6.0
2.6.0_290,2.6.0
2.6.0_174,2.6.0
2.6.0_295,2.6.0
2.6.0_294,2.6.0
2.6.0_172,2.6.0
2.6.0_293,2.6.0
2.6.0_171,2.6.0
2.6.0_292,2.6.0
2.6.0_299,2.6.0
2.6.0_177,2.6.0
2.6.0_298,2.6.0
2.6.0_176,2.6.0
2.6.0_297,2.6.0
2.6.0_175,2.6.0
2.6.0_127,2.6.0
2.6.0_248,2.6.0
2.6.0_126,2.6.0
2.6.0_125,2.6.0
2.6.0_124,2.6.0
2.6.0_129,2.6.0
2.6.0_128,2.6.0
2.6.0_240,2.6.0
2.6.0_122,2.6.0
2.6.0_243,2.6.0
2.6.0_242,2.6.0
2.6.0_120,2.6.0
2.6.0_116,2.6.0
2.6.0_237,2.6.0
2.6.0_115,2.6.0
2.6.0_236,2.6.0
2.6.0_114,2.6.0
2.6.0_235,2.6.0
2.6.0_113,2.6.0
2.6.0_234,2.6.0
2.6.0_118,2.6.0
2.6.0_117,2.6.0
2.6.0_238,2.6.0
2.6.0_112,2.6.0
2.6.0_233,2.6.0
2.6.0_111,2.6.0
2.6.0_232,2.6.0
2.6.0_110,2.6.0
2.6.0_231,2.6.0
2.6.0_149,2.6.0
2.6.0_148,2.6.0
2.6.0_147,2.6.0
2.6.0_146,2.6.0
2.6.0_141,2.6.0
2.6.0_262,2.6.0
2.6.0_261,2.6.0
2.6.0_260,2.6.0
2.6.0_145,2.6.0
2.6.0_266,2.6.0
2.6.0_144,2.6.0
2.6.0_143,2.6.0
2.6.0_264,2.6.0
2.6.0_142,2.6.0
2.6.0_138,2.6.0
2.6.0_259,2.6.0
2.6.0_137,2.6.0
2.6.0_136,2.6.0
2.6.0_257,2.6.0
2.6.0_135,2.6.0
2.6.0_256,2.6.0
2.6.0_130,2.6.0
2.6.0_251,2.6.0
2.6.0_250,2.6.0
2.6.0_134,2.6.0
2.6.0_255,2.6.0
2.6.0_254,2.6.0
2.6.0_132,2.6.0
2.6.0_253,2.6.0
2.6.0_131,2.6.0
2.6.0_204,2.6.0
2.6.0_203,2.6.0
2.6.0_202,2.6.0
2.6.0_201,2.6.0
2.6.0_208,2.6.0
2.6.0_207,2.6.0
2.6.0_206,2.6.0
2.6.0_205,2.6.0
2.6.0_313,2.6.0
2.6.0_312,2.6.0
2.6.0_311,2.6.0
2.6.0_310,2.6.0
2.6.0_105,2.6.0
2.6.0_226,2.6.0
2.6.0_104,2.6.0
2.6.0_225,2.6.0
2.6.0_102,2.6.0
2.6.0_223,2.6.0
2.6.0_109,2.6.0
2.6.0_229,2.6.0
2.6.0_228,2.6.0
2.6.0_227,2.6.0
2.7.0_52,2.7.0
2.7.0_51,2.7.0
2.7.0_50,2.7.0
2.7.0_45,2.7.0
2.7.0_44,2.7.0
2.7.0_43,2.7.0
2.7.0_42,2.7.0
2.7.0_49,2.7.0
2.7.0_48,2.7.0
2.7.0_47,2.7.0
2.6.0_222,2.6.0
2.6.0_100,2.6.0
2.6.0_221,2.6.0
2.6.0_220,2.6.0
2.6.0_213,2.6.0
2.7.0_3,2.7.0
2.6.0_212,2.6.0
2.7.0_2,2.7.0
2.6.0_219,2.6.0
2.7.0_9,2.7.0
2.7.0_7,2.7.0
2.7.0_6,2.7.0
2.7.0_54,2.7.0
2.7.0_53,2.7.0
2.6.0_211,2.6.0
2.7.0_1,2.7.0
2.6.0_210,2.6.0
2.7.0_23,2.7.0
2.7.0_22,2.7.0
2.7.0_21,2.7.0
2.7.0_20,2.7.0
2.6.0_18,2.6.0
2.6.0_19,2.6.0
2.7.0_26,2.7.0
2.6.0_16,2.6.0
2.7.0_25,2.7.0
2.6.0_17,2.6.0
2.7.0_24,2.6.0
2.6.0_14,2.6.0
2.6.0_15,2.6.0
2.6.0_12,2.6.0
2.7.0_29,2.7.0
2.6.0_13,2.6.0
2.7.0_28,2.7.0
2.6.0_10,2.6.0
2.6.0_11,2.6.0
2.7.0_41,2.7.0
2.7.0_40,2.7.0
2.7.0_34,2.7.0
2.7.0_33,2.7.0
2.7.0_32,2.6.0,2.7.0
2.7.0_31,2.7.0
2.7.0_38,2.7.0
2.7.0_37,2.7.0
2.6.0_27,2.6.0
2.7.0_36,2.7.0
2.7.0_35,2.7.0
2.6.0_25,2.6.0
2.6.0_26,2.6.0
2.6.0_23,2.6.0
2.6.0_24,2.6.0
2.7.0_39,2.7.0
2.6.0_21,2.6.0
2.6.0_22,2.6.0
2.6.0_303,2.6.0
2.6.0_40,2.6.0
2.6.0_302,2.6.0
2.6.0_300,2.6.0
2.6.0_307,2.6.0
2.6.0_306,2.6.0
2.6.0_305,2.6.0
2.6.0_304,2.6.0
2.6.0_309,2.6.0
2.6.0_308,2.6.0
2.6.0_38,2.6.0
2.6.0_39,2.6.0
2.6.0_36,2.6.0
2.6.0_37,2.6.0
2.6.0_35,2.6.0
2.6.0_33,2.6.0
2.6.0_30,2.6.0
2.6.0_31,2.6.0
2.7.0_12,2.7.0
2.7.0_11,2.7.0
2.7.0_15,2.7.0
2.7.0_14,2.7.0
2.7.0_19,2.7.0
2.7.0_18,2.7.0
2.6.0_46,2.6.0
2.7.0_17,2.7.0
2.6.0_41,2.6.0
2.6.0_42,2.6.0
2.6.0_58,2.6.0
2.6.0_59,2.6.0
2.6.0_56,2.6.0
2.6.0_57,2.6.0
2.6.0_54,2.6.0
2.6.0_55,2.6.0
2.6.0_53,2.6.0
2.6.0_72,2.6.0
2.6.0_70,2.6.0
2.6.0_71,2.6.0
2.6.0_69,2.6.0
2.6.0_67,2.6.0
2.6.0_65,2.6.0
2.6.0_66,2.6.0
2.6.0_63,2.6.0
2.6.0_83,2.6.0
2.6.0_81,2.6.0
2.6.0_82,2.6.0
2.6.0_80,2.6.0
2.6.0_79,2.6.0
2.6.0_76,2.6.0
2.6.0_77,2.6.0
2.6.0_74,2.6.0
2.6.0_92,2.6.0
2.6.0_91,2.6.0
2.6.0_98,2.6.0
2.6.0_99,2.6.0
2.6.0_96,2.6.0
2.6.0_97,2.6.0
2.6.0_2,2.6.0
2.6.0_1,2.6.0
2.6.0_8,2.6.0
2.6.0_7,2.6.0
2.6.0_9,2.6.0
2.6.0_4,2.6.0
2.6.0_3,2.6.0
2.6.0_6,2.6.0
