3.3_3,3.3
3.3_1,3.3
3.3_2,3.3
2.5_8,2.5
2.5_9,2.5
2.5_6,2.5
2.5_7,2.5
3.0_26,3.0
3.0_27,2.6
3.0_24,3.0
3.0_25,3.0
3.0_22,3.0
3.0_23,3.0
3.0_21,3.0
2.5_4,2.5
2.5_5,2.5
2.5_2,2.5
2.5_3,2.5
2.5_1,2.5
3.4_2,3.4
3.4_3,3.4
3.4_4,3.4
3.4_5,3.4
3.4_1,3.4
3.4_6,3.4
3.4_7,3.4
3.4_8,3.4
3.4_9,3.4
2.6_7,2.6
2.6_8,2.6
2.6_5,2.6
2.6_6,2.6
3.1_10,3.1
2.6_4,2.6
2.6_2,2.6
3.5_1,3.5
3.5_2,3.5
3.5_4,3.5
3.5_9,3.5
3.5_5,3.5
3.5_6,3.5
3.5_7,3.5
3.5_8,3.5
2.5_64,2.5
2.5_66,2.5
2.5_67,2.5
2.5_60,2.5
2.5_63,2.5
2.5_68,2.5
2.5_69,2.5
3.6_1,3.6
3.6_2,3.6
3.6_3,3.6
3.0_10,2.6
3.6_8,3.6
3.6_9,3.6
2.5_56,2.5
3.6_4,3.6
3.6_5,3.6
2.5_51,2.5
3.6_6,3.6
3.6_7,3.6
2.5_57,2.5
2.5_58,2.5
2.6_10,2.6
2.6_11,2.6
2.5_45,2.5
2.5_41,2.5
2.6_14,2.6
2.5_48,2.5
2.5_32,2.5
2.5_20,2.5
2.5_21,2.5
2.5_22,2.5
2.5_23,2.5
2.5_28,2.5
2.5_25,2.5
2.5_26,2.5
2.5_27,2.5
3.0_1,3.0
3.0_6,3.0
3.0_7,2.6
3.0_8,3.0
3.0_9,3.0
3.0_3,3.0
3.0_4,2.6,3.0
3.0_5,2.6,3.0
2.5_19,2.5
2.5_13,2.5
2.5_14,2.5
2.5_15,2.5
2.5_16,2.5
3.6_52,3.6
3.1_6,2.6,3.1
3.6_51,3.6
3.6_54,3.6
3.1_8,3.1
3.6_53,3.6
3.1_1,3.1
3.6_56,3.6
3.6_55,3.6
3.1_3,3.1
3.1_4,3.1
3.6_57,3.6
3.1_9,3.1
3.2_100,2.6
3.6_48,3.6
3.7_16,3.7
2.3_9,2.3
3.6_41,3.6
3.6_40,3.6,3.4
3.6_43,3.6
3.7_11,3.7
3.6_42,3.6
3.7_10,3.7
3.6_45,3.6
3.7_13,3.7
3.6_44,3.6
3.6_47,3.6
3.7_15,3.7
3.6_46,3.6
3.7_14,3.7
2.4_10,2.4
2.3_6,2.3
2.3_4,2.3
2.4_13,2.4
2.4_12,2.4
2.3_2,2.3
2.3_3,2.3
2.3_1,2.3
3.2_4,3.2
3.2_5,3.2
3.2_6,3.2
3.2_7,3.2
3.2_1,2.6
3.2_2,3.2
3.2_3,3.2
3.2_8,3.2
2.4_9,2.4
2.4_7,2.4
2.4_8,2.4
2.3_21,2.3
2.3_20,2.3
2.2_51,2.2
2.4_5,2.4
2.4_6,2.4
2.4_3,2.4
2.3_22,2.3
2.4_4,2.4
2.4_2,2.4
3.6_16,3.6
3.6_15,3.6
2.3_19,2.3
3.6_17,3.6
3.6_19,3.6
3.6_10,3.6
3.6_12,3.6
3.6_11,3.6
3.6_14,3.6
3.6_13,3.6
2.3_10,2.3
2.3_18,2.3
2.3_16,2.3
2.3_15,2.3
3.5_30,3.5
3.5_32,3.5
3.5_33,3.5
3.5_34,3.5
3.5_35,2.6
3.6_38,3.6
3.6_37,3.6
3.6_30,3.6
3.6_32,3.6
3.6_31,3.6,3.4
3.6_34,3.6
3.6_33,3.6
3.6_36,3.6
3.6_35,3.6
3.6_27,3.6
3.6_29,3.6
3.6_28,3.6
3.6_21,3.6
3.6_23,3.6
3.6_22,3.6
3.6_25,3.6
3.6_24,3.6
3.2_98,3.2
3.2_97,3.2
3.2_96,3.2
3.2_95,3.2
3.2_94,3.2
3.2_93,3.2
3.2_92,2.6,3.2
3.2_91,2.6
3.2_99,3.2
3.2_85,2.6
3.5_25,3.5
3.5_26,3.5
3.5_29,3.5
3.5_20,3.5
3.5_21,3.5
3.5_22,3.5
3.5_23,2.6
3.5_24,3.5
3.5_14,3.5
3.5_15,3.5
3.5_16,3.5
3.5_17,3.5
3.5_18,3.5
3.5_19,3.5
3.5_10,3.5
3.5_11,3.5
3.5_12,3.5
3.5_13,3.5
3.2_54,3.2
3.2_53,3.2
3.2_52,3.2
3.2_50,3.2
3.7_1,3.7
3.7_2,3.7
3.2_56,3.2
3.2_55,3.2
3.7_7,3.7
3.7_8,3.7
3.7_9,3.7
3.7_3,3.7
3.7_4,3.7
3.7_6,3.7
3.2_43,3.2
3.2_42,3.2
3.2_41,3.2
3.2_40,3.2
3.2_49,3.2
3.2_48,3.2
3.2_46,3.2
3.2_45,3.2
3.2_44,3.2
3.4_13,3.4
3.4_14,3.4
3.4_15,3.4
3.4_16,3.4
3.4_17,3.4
3.2_71,3.2
3.4_19,3.4
3.4_10,3.4
3.4_11,3.4
3.2_77,2.6
3.4_12,3.4
3.2_61,2.6
3.2_10,3.2
3.2_18,3.2
3.2_17,3.2
3.2_16,3.2
3.2_15,3.2
3.2_14,3.2
3.2_13,3.2
3.2_12,2.6
3.2_11,3.2
3.2_19,3.2
3.2_32,2.6
3.2_31,2.6,2.4
3.2_39,3.2
3.2_38,3.2
3.2_37,3.2
3.2_35,3.2
3.2_33,2.6,3.2
3.2_21,2.6,3.2
3.2_20,3.2
3.2_25,3.2
3.2_22,2.6,3.2
