3.3_4,3.3
3.3_5,3.3
3.3_6,3.3
3.3_1,3.3
3.3_2,3.3
3.3_7,3.3
3.3_9,3.3
3.1_20,3.1
3.1_28,3.1
3.4_2,3.4
3.1_27,3.1
3.4_3,3.4
3.1_26,3.1
3.4_4,3.4
3.4_5,3.4
3.1_24,3.1
3.1_23,3.1
3.1_21,3.1
3.4_1,3.4
3.4_6,3.4
3.4_7,3.4
3.4_8,3.4
3.4_9,3.4
3.1_17,3.1
3.1_16,3.1
3.1_15,2.0,3.1
3.1_14,3.1
3.1_13,3.1
3.1_12,3.1
3.1_11,3.1
3.1_10,3.1
3.1_19,3.1
3.1_18,3.1
3.5_1,3.5
3.5_3,3.5
3.5_4,3.5
3.5_9,3.5
3.5_5,3.5
3.5_6,3.5
3.5_7,3.5
3.5_8,3.5
3.6_2,3.6
3.6_3,3.6
3.6_9,3.6
3.6_4,3.6
3.6_5,3.6
3.6_6,3.6
3.6_7,3.6
2.1_4,2.1
2.2_9,2.2
2.2_7,2.2
2.2_8,2.2
2.2_5,2.2
2.2_6,2.2
2.2_3,2.2
2.2_4,2.2
2.2_1,2.2
2.2_2,2.2
3.1_5,3.1
3.1_6,3.1
3.1_7,3.1
3.1_1,3.1
3.1_2,3.1
3.1_3,3.1
3.1_4,3.1
3.1_9,3.1
3.2_4,3.2
3.2_5,3.2
3.2_6,3.2
3.2_7,3.2
3.2_1,3.2
3.2_8,3.2
3.2_9,3.2
3.6_16,3.6
3.6_15,3.6
3.6_10,3.6
3.6_12,3.6
3.6_11,3.6
3.6_14,3.6
3.6_13,3.6
2.0_80,2.0
2.0_82,2.0
2.0_81,2.0
2.0_83,2.0
2.0_71,2.0
2.0_70,2.0
2.0_72,2.0
2.0_75,2.0
2.2_12,2.2
2.2_13,2.2
2.0_77,2.0
2.2_10,2.2
2.0_76,2.0
2.0_79,2.0
2.2_16,2.2
2.2_14,2.2
2.2_15,2.2
2.0_60,2.0
2.0_62,2.0
2.0_63,2.0
2.0_66,2.0
2.0_68,2.0
2.0_59,2.0
3.5_25,3.5
3.5_26,3.5
3.5_27,3.5
3.5_20,3.5
3.5_21,3.5
3.5_22,3.5
3.5_23,3.5
3.5_24,3.5
3.5_14,3.5
3.5_15,3.5
3.5_16,3.5
3.5_17,3.5
3.5_18,3.5
3.5_19,3.5
3.5_10,3.5
3.5_11,3.5
3.5_12,3.5
3.5_13,3.5
2.0_27,2.0
3.3_20,3.3
3.3_11,3.3
3.3_10,3.3
3.3_16,3.3
3.3_15,3.3
3.3_14,3.3
3.3_13,3.3
3.3_12,3.3
3.4_11,3.4
3.1_42,3.1
3.1_41,3.1
3.1_40,3.1
3.1_49,3.1
3.1_48,3.1
3.2_15,3.2
3.1_46,3.1
3.2_14,3.2
3.1_45,3.1
3.2_13,3.2
3.2_12,3.2
3.1_43,3.1
3.2_11,3.2
3.1_31,3.1
3.1_30,3.1
3.1_39,3.1
3.1_37,3.1
3.1_36,3.1
3.1_35,3.1
3.1_34,3.1
3.1_33,3.1
3.1_53,3.1
3.1_52,3.1
3.1_51,3.1
3.1_50,3.1
3.1_57,3.1
3.1_56,3.1
3.1_55,3.1
3.1_54,3.1
